no,username,date_review,review_title,review,rating
1,Doni Imanuel,7/8/2022,Crash,This game crash on my Iphone 6 at the game homescreen,1
2,Joeyuway,3/8/2022,The best battle royale!,"Everything works fine on 8+. Very addicted now. Make phone hot & drains battery very fast. Still, i love PUBG!",5
3,Mrblade98,7/8/2022,"Low Frame Rate, Lag, App Size Too Big, scam classic crate",Low frame Rate when meet enemies in all map. With graphics smooth extreme. This app size is too big. Scam classic crate and never got M4 since season 4!! Lag gameplay on iphone 8.,3
4,Frando Pasulatan,9/8/2022,Lag,"Hello sir, Greetings og the day. Sir we request those who are facing the following issues in-game tday, use the ingame functionally to report these bugs and glitches:",5
5,just a call,9/8/2022,I like it this game so fun,play this game,5
6,Boy willy,7/8/2022,Please fix !!!,"i'm using an iphone xs max, i've been playing for years, after the update it suddenly become slow while playing, even though the graphics were at their lowest.",1
7,seraphinemo,3/8/2022,INVISIBLE BUG,"PLEASE FIX YOUR INVISIBLE BUG, i got hit by out of nowhere",3
8,McKenzie lumens,13/8/2022,GAME FULL OF HACKERS,"So many hackers in this game! Every 3 f 4 games you will meet hackers. Especially when you reach ace title or more. soome of them is using name A R B qwerty, IlmuGHOIB and many more with unique character that i can't type here. So many player include my whole team already report them. Sometime i make a video from my phone to prove that they are hackers and i email to PUBG Mobile. But nothing happened with these players and they still playing until now. So my question is: does Tencent even care about these hackers? Or they just only care about making money? Does report facility is really work or just for display? If it really works why hackers still playing until now?",1
9,rawipm,13/8/2022,Complaint,Too muc cheater dude.. no professionl company,2
10,faizubaidilaahh,13/8/2022,help me,why iphone 6 alway force clos,5
11,zerous10,13/8/2022,More terrible,"This update making my iphone 6 suddenly lagging, i already handled the setting to the lowest as possible, but then nothing happen. fix this ASAP",1
12,Dealavenia11,13/8/2022,Slow movement,"Does anybody has the same prolem with me? I just updated this game on my iphoen (iphone 7) but when i play te game, the movement was very slow even i use the wifi. I don't know what's wrong here but please fix this bug. Thanks",1
13,Sfz-Icebox,14/8/2022,Is Tencent Really care about this game or what?!,"Too many cheaters in game for high rank, really? Spend money on this please do not let us down ban those chaters please. Will update the rate if the system already take this seriously.",1
14,sekalisekali,14/8/2022,Too many update! Lol!,Delete this game!,5
15,tencen laso,14/8/2022,Bug,stuck fps drop ping not stabil 330 for Asia Server.,1
16,dprasetya28,14/8/2022,Frame drop in ip8+,"i never felt this before last update, so annoying and dissapointing. make gameplay so hard for me. Please optimize the game for iOS devices, spesified for ip8+ again because before last update game run so well in extreme fps and run smoothly without laggy and fps drop. Or you wanna make me upgrade device every this game update?",1
17,aeiouqwert,14/8/2022,Too many bug and freeze,"Hi Tencent, why this new update version (0.17) so many bugs, especially after die, while i spectate my teammates playing.. my screen always freeze and repeating the last moment they doing over and over until died or winning. Also while i playing in payload, after i got resurrected, sometimes i landed on the 1st gathering place before jump. Please fix all the bugs.",5
18,Ethan terano,14/8/2022,i want zombie mode,please bring back zombie mode i beg you tencent,5
19,6285,14/8/2022,Bug updated,"i've been updated 2 times and make sure that i finished my update and then i check it still old version, Lol",1
20,bapaknya kiya aya,14/8/2022,Bug,i cant login my account with iphone. You know my update is done but i cant login please fix the bug!,1
21,Kristianpp,14/8/2022,cant login my acount from ios,Android is running 0.18.0.12621 and ios still om 0.18.0.12620. So i cant login my account from ios. It says updateto latest version. But there is no update. Please release update in ios too.,2
22,Nia Veronica ,30/7/2022,Matchmaking,Taking so long to matchmaking!,1
23,wawan.jpg,26/7/2022,Gameplay,Easy to force close in iphone 11,2
24,Natlucyfr,26/7/2022,Ban ,my account banned for no reason,1
25,SMRxWizky,24/7/2022,Crate game,"i play from season 3 but i have no m416 glacier upgrade, please give me change to get m416 glacier upgrade",1
26,sgsgsggsgdh,23/7/2022,WHY???!,Game crash in iphonr 6s after update!!!,1
27,ktutad,22/7/2022,Bug,sometimes can't enter the game and also for the microphone doesn't working. Too much problem,2
28,nanttomo,21/7/2022,Too much features,Not a simple game anymore,1
29,campuk,20/7/2022,slmn,nice game,5
30,amri al wasiq,20/7/2022,bullet throught the wall,please the development team fix the game this morning because there are still ignorant players,1
31,sylvesteer,18/7/2022,wait too long for update,i've wait for long time to update the new version:(,3
32,Moh Rizky,17/7/2022,Ancient mode,Why there's always rollback when i play even classic,4
33,vincent tandriady,1/7/2022,Bug,Too many bug in game,1
34,imam_pariz,17/7/2022,bug,bug view maps,3
35,bellezasoul,16/7/2022,bp,blackpink in your area,5
36,guejdbjf,16/7/2022,nice,download for blackpink,5
37,solo fake,16/7/2022,fps,where my 90 fps. Before update i have 90fps. After update 90fps is gone,5
38,ckrdrm,16/7/2022,Metro royal chapter 9 bugs,several bugs o metro royale chapter 9,3
39,Manggoi,15/7/2022,Three season ace master for iphone xr,thanks tencent and iphone,5
40,mojamoli,15/7/2022,BLACKPINK,coming back here to download PUBG for BLACKPINK concert,5
41,yanuri aldi,14/7/2022,for update,oversize for ios generation 6,3
42,osinting,14/7/2022,no update,"why there's no update for ios, thus you post the available newer version of pubg game?",2
43,burungpuyuk,14/7/2022,PUBG Mobile,nice game and graphics so good.. you are the best game,5
44,Awandiro,13/7/2022,to KRAFTON,please give me some weapons faster,4
45,KangAsep,13/7/2022,ipad mini 5,the best,5
46,46_T2R,13/7/2022,iphone is getting hot,iphone gets hot quickly and drais battery,4
47,bunga6969,13/7/2022,stupid event,Can you remove bug in pubgm? and remove event stupid and fix the server problem,1
48,massikbal,13/7/2022,Spin/draw,"i spin on a clasic or premium ticket, never get a step or mythic item. i beg you, please give me the correct item for my PUBG accont",5
49,indrais back,9/7/2022,thanks,and thanks,5
50,mbak lady,6/7/2022,Please,Tutorial lucky,4
51,Willboy,5/7/2022,Merit,bug merit,1
52,ayi ahmad,4/7/2022,Spin/draw,please give me luck,3
53,seusini,3/7/2022,Note,"please press the old skin, don't release then in the new season because to keep them rare, don't put them out in the new season in the future, if it's famous, pubg don't attract many players if all of your old skins are put out in season crate, for example open rp season 4 face, which used to be famous for rare skins, is now used to it, please fix it so that we old players are still interesting. If it's like this, it will invite a lot of players, it's even more frustating because pubg is no longer interesting. Again, old skins have all of them, its a loss for us old player!!!!",2
54,ometv bad app,2/7/2022,i cant login,cannot register an account in your region? my iphone 13 promax fix it sir,1
55,pubgm playerrrrr,28/6/2022,Bug voice and sound when openmic,Why? If i record internal while playing this game on my iphone and then i open microphone. the sound is very-very small please fix,5
56,ihavenoidia,28/6/2022,Promo Code,can i get the 2 free skin i got from the seaweed my dad trhow the pack away,5
57,zanstudios,21/6/2022,pubg,recomended for your games,5
58,the guy who like game,20/6/2022,Ragdoll,thank you tencent for adding ragdoll but sometime the ragdoll was lagging and bugged,5
59,hrt fzh,19/6/2022,Stuck login,game is so suck for the loading screen for ipad air 2019 ram 256,1
60,BbiKntl,18/6/2022,Iphone 7+ 32Gb 27Gb Tets,testing 27Gb/32Gb,3
61,hshsjssk,16/6/2022,war mode,fix ping issue in war mode,1
62,hataghasshgsus,15/6/2022,STUCK!!!,always stuck in loading screen before matc after the last version update,1
63,ilham1908,15/6/2022,Thankyou,Happy,5
64,YOAN PRAYOGO,12/6/2022,For krafton,PUBGM is the best game in mobile,5
65,Eflin Krishna,12/6/2022,So Cool,Pubg the bes,5
66,Randhi Riskiyansah,12/6/2022,good,good  ,5
67,AdamZid,10/6/2022,Dissapointed,Too much bot,1
68,Ochirinside,10/6/2022,Good game,good game always,5
69,RavenPNC,9/6/2022,GIVE ME SOLUTION,"My account has hacked by someone and i took it back, the hacker has changed the server to America server. My Question is - How to take the server back to asia server again without 60 days?? i sent email to tencent and never replied by tencent! Give me solution for my trouble!",1
70,Lunaalunna,7/6/2022,Can't enter assault mode in metro royal,3 mins.. 5mins.. 10mins.. of matching. still can enter the assault mode. As well the undercover mode always take more than 5 mins of matching.. im using 7+,5
71,you call me varg,7/6/2022,Bad game,Bad theme and mode. This is a battleground and war not fashion show!,1
72,Prayoga_D,7/6/2022,Game Boy,good game  ,5
73,goooddd nightttt,4/6/2022,Love it,Still the best br game,5
74,haryande,2/6/2022,Fu,Too many bug  ,1
75,FHaReL0999,2/6/2022,Bug but idk,"gyro is not active on my handphone (iphone xr). I've reinstalled it still doesn't work, this game is getting worse every day.",1
76,SLDFINO,30/5/2022,Nice,Niceeeee,5
77,Be@man,29/5/2022,Bugs and never been fixed,This game has so much bug when landed and recalled. Please fix it for better review at next.,1
78,wandabit,29/5/2022,uc,please give me 600uc,5
79,mryyyyyyyy,28/5/2022,Ok,Great,5
80,reddiggee,25/5/2022,BROKEN,"i can't login with my facebook, and there is no way to report or something.. damn",1
81,Hanisrofiq,27/5/2022,Best Mobile Game Ever!,"This is for me hands down the best mobile game. It has many different modes, various maps, fun gameplay, and possibility to talk and collaborate with our teammates in the game. You can gain many new friends by playing this game. When i feel a little tired, i play yhis game to socialize with many new people in game. Thank you Tencent for making this game exciting and fun!",5
82,Marendal city,24/5/2022,Trash game,Fix it!!,1
83,aka Kiraaa,22/5/2022,Fix the bug please,"Bug parachute, bug spectate, bug recall",1
84,Pengssss,21/5/2022,2.1 GB size for update??,"Come on man, 2,1 GB for an update, it's totally insane. No wonder PUBG active players significantly decrease. Developer can't just see",2
85,qwbcxz,20/5/2022,Dear pubg mobile,"Reduce updates and don't do it too often, because many palyer have stopped because of all that. Remove tier restriction mode to continue playing with friends.",4
86,alifalfiannn,20/5/2022,PUBG X GOJEK!!!!!!!,Cool colab,5
87,stephen senewe,19/5/2022,Good game,I Love PUBG MOBILE,5
88,nutz30,19/5/2022,the best  ,the best game ever,5
89,impresivee,18/5/2022,Very nice but..,When i firsst download pubg its good but after this new update it often force close i use an iphone 11 pro and this is unusual,5
90,Zainal Basri,17/5/2022,New feature new bug,"Force close when loading delete resource (new feature), please fix it, thank you.",2
91,zindagi143,16/5/2022,We want old livik and old,Spider mode is the best mode,3
92,bwnscnabsnkakakbs,16/5/2022,Broken game,"Please, if you can't fixed bug after update and collab event. be better you don't up your version. This game so broken!!!!",1
93,arap asli,16/5/2022,P,Miss season 6,1
94,Bociz,15/5/2022,Kill instinct,i need game like pubg to control my emotion when i hate someone,5
95,SAYIIDD,15/5/2022,TOP GAMES,I love you pubg mobile,5
96,hanyasara,15/5/2022,login fail4,"i can't login with my twitter account, pleasse help me to do so",4
97,Anak kacili,14/5/2022,Bug everywhere in new updates,"Much more bug in new updates, dissapointed",1
98,Atreus98,14/5/2022,BUG,"please fix the bug, when you get out of the car you can't move. It's very uncomfortable and destroy our gameplay.. Sorry, i gave 3 stars because there are a lot of BUG.",3
99,to unlucky,14/5/2022,unlucky,this game make me feel happt but i am to unlucky,4
100,Eden Wahidin,14/5/2022,PUBG,Awesome,5
101,InstinctSkyan,14/5/2022,Good game,"very good game, i like it very much. Thanks",5
102,eky akbar wiratama,14/5/2022,NEW UPDATE VERY COMPLICATED,"I want sell my account but i can't unlink my linked social media, this update make me very annoying. Please delete unlink methode must 15 time log in 1 device very annoying!",1
103,Aduano,14/5/2022,"Lag, bug, glitches...!","I have a lot of lag, bugs, and so many glitches in my gameplay, in ranked mode, TDM, also arena mode in every map and mode in this game, the palyers have so many glitches that i can't shoot at them causing them to kill me first, and have 0 backup ammo in every TDM match, arena match and other, so please fix it. I've been trying to report the issues but still don't do anything",2
104,zzz wahyou,13/5/2022,History,Memory of you,5
105,hy my,13/5/2022,BUG VEHICLE,bug when getting out of the car,4
106,Tejojojo,13/5/2022,Good,"Such a good game, can't wait for more developing the game.",5
107,cleding,13/5/2022,yong,this is best game,4
108,Difta 007,13/5/2022,So very good game,"Thanks for creating the best FPS game. Unfortunately still lots of cheater in this game, can you solve this? I hope so. Thanks a lot",5
109,LINDArizki,11/5/2022,support,nice game,5
110,Argato12,9/5/2022,BUG,please fix bug!!!,3
111,tututttttttt,9/5/2022,bug when recall,"Please fix it, i'm use iphone xr but too much bug every day.",2
112,M18 YGYN,8/5/2022,Bug,bug damage weapon on iOS,3
113,aku RK,7/5/2022,Hope,hoping forever good,5
114,Lifia Intan,7/5/2022,Pubg mobile,"Please, bug fix and every player reporting is expected to respond quickly.",3
115,Dika69,7/5/2022,Good,Good game is the best,5
116,Viiiiiiiiii20,7/5/2022,stuck loading when login,"stuck login every time, can't login. I already change us wifi and data, its not work. can you fix it. if i wanna log in. I must uninstall and install again!! please reponse it",2
117,fadhilgr,7/5/2022,Force closed,I can't even open the game. It always stop running and then out of the game by itself,1
118,g g hchc,6/5/2022,Nice battle,Nice,5
119,2kak,6/5/2022,this not only game it is an emotional connection with me,We love you PUBG,5
120,cuktuz,6/5/2022,support,Its good game for me the best,5
121,ephinoo,6/5/2022,The best,"The best forver game, and i hope everything good in this game",5
122,Beelzebub2nd,6/5/2022,PUBG,Nice game and cool,5
123,VSxRichPork,6/5/2022,Let us enjoy the game by getting some cool stuff,not only by crate and royale pass,4
124,Rblx p,3/5/2022,Good game,"Nice job Tencent, I like this game",5
125,Raditya33,4/5/2022,Bug spectate,"please fix, this bug is very troublesome. After it dies, it's then recalling as a bug. i can't do anything. So please fix it, thanks",1
126,go on wieee,1/5/2022,BUG,When my spectator my teammate always hear sound effect and the body just stuck run.,3
127,a_ans,30/4/2022,Bugs,They never fix it,1
128,rkyzhr,30/4/2022,Corrupted UC,"Why?? I have already finished their transaction and that damn UC until now has not been available at my account?? Admin, please give me answer about this !",2
129,SCE RYUU,30/4/2022,PUBG ban people randomly,"Please help me, i got banned with no reason.",1
130,yogawahyu123,29/4/2022,Bug recall & spectate,please fix this bug faster. PUBG version 1.9 Device : iphone 11,1
131,Laffinzz,28/4/2022,SO MANY BUG AND FIX YOUR SERVER,"Why am i log out to lobby suddenly, fix your fckin server. And i can't spectate my friend after i die fiz that too, i'm using iphone 13 pro max",1
132,tembirut,27/4/2022,Bug recall and domination,"bug recall and domination, please fix it",1
133,cok,27/4/2022,Too much bug,too much bug in iphone 11 pro,1
134,tyoskoy,27/4/2022,Bug ,Stuck log in screen,1
135,dalsut,27/4/2022,Bad update,bad update,1
136,halahmboh,25/4/2022,Play with close tier is suck !,"The new regulation that player only can play with someone with closer tier gap is suck ! It limited for joyful play with everyone. We can't play with our friend that long time not play this game, cause their tier is low. We can't have fun anymore! Seriously thos regulation is suck!",1
137,GOODSTALINE,22/4/2022,Not bad,"It's not bad at all, but it needs a little more realistic ness instead of these cringe colour things",3
138,syahpuetraa,20/4/2022,Crash,2 time crash in game very dissapointing,1
139,notmuchacho,18/4/2022,Issue,So much lagging on the game in the new version please fix it (iphone 11),3
140,nurich,16/4/2022,Bug,"Hello, I have a bug when i watching on my teammates screen.. hope it can be resolve from developer",4
141,ps exe,16/4/2022,Bug,In game,1
142,Edward Elvenwald,15/4/2022,Lots of bugs on ipad pro 10.5 inch,"There are various bugs while playing on my device. Such as, when i dies and spectating my teammates, i weren't able to do that because my teammates will only walking on their position and doing nothing until the match is over. And another example, if i tried to relog in into the game while in a match, I'll just be alone in the game without encountering any player and just hearing sounds. And what's more annoying is the other player are able to see me including my teammates and enemies would just simply knocked me down without me being able to defense myself. And when it happens, my location on my screen and my location that other player see is far different, it almost takes about 600 meters far. Please elaborate and fix this bug, thanks.",1
143,ElCaroline,15/4/2022,Inappropriated tier,Please fix this inappropriated tier problem. It's very annoying for any player and can't make team up with friends with high tier,2
144,hhsuhhsudhudfdsfjkop,15/4/2022,Game broken,game broken ,1
145,imhobata,14/4/2022,bugs everywhere,"playing is no longer fun, too many bugs",5
146,feliirianii,13/4/2022,idk,"works on iphone 13 pro, but there are a lot of bugs, fix it again later i'll give five stars",5
147,KadalSehat,13/4/2022,Always crash,"Please fix it, in my iphone 5s always crash",2
148,zeinjr21,11/4/2022,Bug,FIX THE BUG DAMAGE BRO BROKEN GAME,1
149,sojsnhbd,10/4/2022,bug,too many bug in this game fix the bug damage is not competitive,1
150,@rwpras,10/4/2022,GAME BROKEN,game broken so many bugs in this game,1
151,Eulann,10/4/2022,Bad,can't install,1
152,doelll,10/4/2022,I got banned new account,"I creare new account, layout & sensitivity i made is the same as the main account. Enemy tier bronze bot & noob, i got kill always +20 kills. After 5 match i got banned (auto aim). What??? Banned PUBG look like social media, so many reports will get banned",2
153,FCK PUBG CORPS,7/4/2022,DUMB GAME,I've spend 600$ for the fool in pass month but now you added it into lucky crate ? Woah scam alert!!,1
154,iwanami_071207,6/4/2022,too much bug!,when i was died i'm always bug spectator LOL Krafton,1
155,Lordddd bee,6/4/2022,Trash game,Tras,1
156,ddakand,3/4/2022,Bad performance,please repair all,1
157,oreo,2/4/2022,Bug,everytime it is called it must be a bug. Pubg is getting weirder and makes you lazy,3
158,WiratamaAbelio,1/4/2022,Bad Server,"After update, little bit laggy, and RTO sometimes",3
159,developer bego,26/3/2022,Bad,"Bad server, bug audio, too much bug for ip xr not worth to download",1
160,iqbalezi,25/3/2022,Fix yout Anti-cheat,"broken games. I don't use cheats, i'm accused of cheating. fix your anti-cheat. many livestreams use cheats, it's better for you to act on then than to accuse carelessly. I am a Conqueror playing on enemy platinum tier very easily, naturally i kill a lot, 3 of my accounts were banned but i kept quiet. this time i can not say anymore words with this game. IMMADIATELY FIX YOUT ANTI CHEAT SO THAT IT IS NOT.",1
161,RazqAyesha,25/3/2022,Unique Destiny R.A.N.K,This game is too fun!!! Know all strategies keep update it!,5
162,hyperrun,25/3/2022,Tier mode,please remove balance tier/rank mode in ranked.... its sukk,5
163,faisal hidayat,21/3/2022,My account was stolen,i ask for help tencent my pubg account was stolen by someone my account name is YOU AND DIE please give me back my account,1
164,ZEOHAGWHQI,20/3/2022,Upadate,Thanks pubg,5
165,therobloxianparkourlegend,20/3/2022,Please bring back metro royale,please bring back metro royale i grinded for almost a year (this maybe a mistake cause sometimes modes don't load),4
166,Melmel050500,fix this problem,why tencent banned account randomly even players doesn't used a chear or break the rules of the game? please fix this problem and unbanned account that not using a cheat! my account banned 3650 days and i don't know why because i don't do some a cheat!!,1,
167,SDFGHJKKLMNJDJDX,20/3/2022,New update  ,Bad game,1
168,#NAME?,20/3/2022,bad developer,"i've never used cheat, why did my account get banned",1
169,UstadGagal,20/3/2022,Theme anniversary 4 bad!!,"seriously is bad, and i am bad mood",2
170,Boris Boker,19/3/2022,Trouble,"my internet connection very good, but i have no progress when download it",1
171,xxxtalaent,19/3/2022,Nice,Gooooooood game in ip 12 128gb,5
172,6<>9,18/3/2022,rubbish,"for fck sake stop make all of the updates are rubbish and unnecessary, those stupid updates just waste my bloody storage",1
173,hellogaes,18/3/2022,PUBG MOBILE,Well played PUBG MOBILE,5
174,A saranani,18/3/2022,PUBg,Good job,5
175,Follow me @caesacristy,18/3/2022,Fix the actual problem.,"Too much download yet crash a lot, and so many cheating and toxic players",1
176,Piyo,18/3/2022,"what do you mean, 12 Alive, 23 kill, -28",please help support,1
177,Bagas Waradana,18/3/2022,Bug,too many bug at livik,1
178,blue lavel,18/3/2022,i love tencent,i love pubg mobile,5
179,ncdd dk,18/3/2022,So boring,"I don't know why, when the last circle i found many bot. So boring",1
180,ip tra,18/3/2022,Bring back the old ranked match system,"The new system is sucked, in which we have to be in the same tier or not more than 1 tier difference to paly it. Why you have separate it with unranked match which makes the lobby more quiet and boring? Instead of keep the lobby full of real people with one ranked match. Game supposed to be fun for both casual and competitive players",1
181,Cosmic Galactic,17/3/2022,i can't update the latest ver.,"Dear, tencent. I can't update the latest version in my device which is iphone 6, why i gave 3 stars for this game. there is a bug or an error like bug visual, but i love this game please fixed it i can't wait to play with my friends even there's an error.",3
182,yooowwwwwwassap,16/3/2022,So heavy,"its so heavy now, although this game is free but for playing this game you have to get rich first so you can buy a good phone to play this game, what an ironi",2
183,hahdhqh,16/3/2022,Sad,Force closed to iphone 13 pro,1
184,Oka Bento,13/3/2022,fix,very lag on iphone xs max... can't play classic ... so bad,5
185,Bijiq,13/3/2022,i like pubg,i like pubg i play like 2 years. I like pubg cause i can find friend and i wish there is a free mythic skin or skin m416 glacier for free my dream thanks,5
186,Farohan,12/3/2022,Can't stop downloading resource!,How to stop automatic download resource? Its annoying,1
187,alif bowo,10/3/2022,pubg,why can not play with 2 up rank with friends,1
188,Your ex fan,7/3/2022,I freaking love this game,I love this game,5
189,tromolmio,2/3/2022,Cheater,"Too mnay cheater, just like R.O.S",1
190,Souta,2/3/2022,bug spectator and bug recall,bug spectator and bug recall,1
191,isthaqy,1/3/2022,BUG,"bug event (jujutsu kaisen) recall, spectator, & TDM please fix bug",1
192,No comment,28/2/2022,Come on,anyway good bye,1
193,proplr,28/2/2022,Event useless,"I don't like the jujutsu kaisen event, it's just a riot!!!",1
194,qowwwinqowwin,27/2/2022,Alan Budisakma,Cannot download map + No download button,4
195,flawlesscupid,27/2/2022,Serious weapon bug,"The weapon ""Abakan"" for some reason is not available for my device. Whenever my teammates or other player are using the weapon i can't see or even hear them using the weapon. I can't see it when its beeing uquipped, and i could not hear it when its beein fired. Please fix this issue ASAP.",1
196,Abbichoa,26/2/2022,Piece of,Lag AF when paly in war. Pubg mobile is getting worsed,1
197,Chezlamustafa,26/2/2022,About pubg,This app so really big now,2
198,alfishndkahdhd,24/2/2022,Force closed,"What the fuck are you doing? Everytime update finished the game by itself and i can't get into the game anymore, sometimes it makes my customize setting for button and everything turn into default!!",1
199,raaay8696,23/2/2022,Bug mode spectator,Bug mode spectator,1
200,kurosaki ah,23/2/2022,Give up,"give me m4 glacie, i can't. 3 years 6 months i not have m4 glacie/",5
201,Diamondzz79,23/2/2022,Frame dropping,"my iphone 13 pro max fps drop when using 90fps feature, any suggestion?",3
202,change my server,22/2/2022,Help  ,Please change my server to Asia,1
203,Jeynini,22/2/2022,Next update,"I hope the next upate can be 5 people in 1 group, because we often play but 1 of our friends can't join because it's full",4
204,haloINI26,21/2/2022,PLEASE,PLEASE TO THE DEVELOPER FOR ASS MORE FOV TO TPP ATLEAST UNTILL THIGHS,3
205,biohazard5462,19/2/2022,FIX BUG,BUG SPECTATOR BUG RECALL,1
206,Mockpichana,17/2/2022,Bug screen,"Please help me fix bug screen, always freeze and ghost touch when use 4 fingers, always stuck",2
207,Wraith-,17/2/2022,Is it possible to download resource,"I have a lot resources to download in resources download center but it seems like the download are very slow, while surely i have a good internet connection. So, is there other way to download the resources even i am not opening the app? Or a solution for my slow download speed please? I hope you guys can answer me, thank you",4
208,otteru,16/2/2022,bug,why so many bug in this game?,1
209,BravoIndiaMikeOscar,16/2/2022,Suck,"The new matchmaking system is stupid, i can not longer play with my friends inranked match, the gatcha feels like a scam, you can never win big unless you spend a huge amount of money, i'm quitting soon",1
210,firdho,15/2/2022,MULTI TOUCH ISSUE FOR IPAD,"please fix multi touch issue for ipad, i already reset ipad 2 times, and always get stuck and ghost touch when i push 5 finger together",5
211,Rafael evan m,15/2/2022,BUG,UPDATING DOWNLOAD LIST BUG IS STILL IN THE GAME?? AFTER 2 YEARS,1
212,BhamaAlpha,14/2/2022,Crash in middle of the game,"HEY TENCENT, why do i always crash in the middle of a match in erangel when i play it on iphone 6",1
213,lihgeorih,13/2/2022,Can't download,i can't download the map and another package in the games!,1
214,qiuqiufrr,11/2/2022,fps,please fix 90 fps frame bug in iphone 13 pro max,5
215,CutLiza,10/2/2022,Keep stuck on update page,"its not working, using iphone 12, after update jt keep stuck",1
216,udiennnnn,10/2/2022,"BUG TDM, BUG TRAINING, etc",So many bug in this game,5
217,CONQU BIJAK,9/2/2022,Add,"pubg please add on inventory setting : hide cape/hoodie cause sometimes we want to see our head, add hide backpack and also hide guns",5
218,Kingmaul,9/2/2022,Can't download,NOT DOWNLOAD APP WITH DATA AND WIFI ERROR DON'T TOUCHA NYMORE,3
219,huhhsusah,9/2/2022,too slow,too slow when install this apps,3
220,grizzly213,7/2/2022,FIX IT,"THIS GAME KEEP CRASHING AT THE LOADING SCREEN, I WANT TO PLAY",1
221,Luckhosta Dellens,7/2/2022,Bug,A ton bug in event,1
222,quintoll,6/2/2022,update,stupid update,2
223,Oenoomel,5/2/2022,lag on the iphone 8,lag  ,1
224,nnataakie,5/2/2022,Works,All works on iphone 11 great job tencent,5
225,Bagas triadi sanjaya,5/2/2022,Bug,Bug TDM and bug mission royal pass not complite,1
226,j00ee3,4/2/2022,Down grade,"Many ""BUG"" system after update. After re-call, TDM, and many more bug!! It's gonna be freak update !!!",5
227,Eror download,3/2/2022,downlaod,Pubg i am trying to download it at my ipad 4 but it wont let me download pubg and i have enough storage for download but you wont let me download it please help fix this problem i really want to play,5
228,babyg0407,1/2/2022,the feature is still under beta testing,"i'm a metro royale mode player since the chapter 1, but for this and recent chapter i was kicked from metro royale mode after i report a lot of cheater in metro royale. suddenly i cannot play metro royale and it says ""the features is still under beta testing"" and it happened to my second account too everytime i succesfully reported a cheater. I'm so mad",1
229,hensjsneidns,30/1/2022,Game Revie,Strange. Sometimes the game is really laggy with an excellent internet connection. Most annoying is damge bug. Please fix it!!!,3
230,teler15,27/2/2022,i got banned for unknown problem,Please fix my account problem,1
231,Ari Yosi,25/1/2022,Bad team up,"Why i cannot team up with my friend due to rank issue, while in the game randomly could team up with low rank, please reset this issue so i could",1
232,29 bike shop,24/1/2022,Difference tier,Please delete the difference between player tier its not fair!!!,5
233,No_namePLYR,23/1/2022,Battery drain,it drains battery like vaccum but its still good,5
234,jsjsbzhzj,23/1/2022,Ranked,Bro im a bronze player i want to play ranked with my friend but we cant play because he reach diamond first. Why cant bronze and diamond play together in ranked?,2
235,ceacilicious,21/1/2022,Request time out,always Request time out,1
236,Toyyyadz,20/1/2022,cooldown,Please delete web shooter cooldown at spider-man event,1
237,Ronald Hito,20/1/2022,huh,WE DONT NEED 7 SECOND COOLDOWN WEB STRING!!! Do you want Peter Parker dead?,1
238,giworld20,20/1/2022,Bug from krafton,"After krafton take control, everything seems stupid, mic all bug, bug voice, bug everywhere, RIP PUBGM",1
239,sseoxo,19/1/2022,thank you,"Thanks PUBG Mobile, I found my lover. But now he's ,y ex",2
240,zeinridya,19/1/2022,Complain,Cooldown is too long in event spidey,1
241,Adit Dhita,19/1/2022,Loot crate m416 the fool,"why is the fool's m416 loot crate so small, I spent a lot of money on gacha, to get quality, but why change features like this?",1
242,luthfiaf,19/1/2022,bad,fix bug stupid,1
243,yuhuvkdkdmn,18/1/2022,Too much effect,"Please remove those stupid effect, when you die, you want to play again a.s.a.p but those effect very took lot of time! Damn it stupid.",1
244,cuarzru,18/1/2022,The good of all battle royale game,This game is sick man with the super duper realistic graphic and new super cool map its better then every battle royal game,5
245,awsemcal,18/1/2022,WWCD,iphone 5SE still worked,5
246,nmbhfaqefd,17/1/2022,IPHONE XR BUG FRAME,Crazy bug,5
247,Berita Hutan,17/1/2022,Works,"Finally work on Nokia 3315 Pro, good job vincent",5
248,WARFOZ,15/1/2022,Poor graphics on ipad gen 9,Graphics is not as sharp on ipad gen 8,1
249,PlainZero8,15/1/2022,Stuck at updating download list,Cannot play after updated to vewest version. It stuck at updating doanload list,1
250,Overgreed,15/1/2022,90fps,"My phone is iphone 13 promax, but when i play with 90fps its so laggy!!! Pleas fix it, its so disturb my gameplay5",5
251,Arbellino,14/1/2022,Update,Why is there no update here,2
252,VETERAN PUBGM,14/1/2022,Crash,Plish fix microphone and parachute bugs,2
253,muhammadrafli,14/1/2022,Late,Late update,2
254,azsssssssssh,13/1/2022,Update soon,Please update soon,4
255,reeevita,13/1/2022,Miror,Bring back miror world,4
256,oBtiioio,11/1/2022,game broken alway bug mic never fixed,game broken alway bug mic never fixed,5
257,kazee9999,11/1/2022,BUG REPORT,"PLEASE FIX BUG, always bug when get out from car",2
258,murid entruv,11/1/2022,a little advice for players to feel at home,give playing experience like game for peace,5
259,terserah Lu !,9/1/2022,On may way ,i'm just miss my friend. Thanks for the moment ,5
260,Reii099788,8/1/2022,Bug everywhere  ,"Spectate teammates is always bug, what the ...",1
261,TanLC123,8/1/2022,My iphone 11 is crash you can fixed the crash,Very bad,1
262,skytj,7/1/2022,About pubg,I like it!,5
263,Vinovondraaaaaaaa,6/1/2022,bugs,TOO MANY BUGS PLEASEEEE THE UPDATE IS SO USELESS,2
264,Capinz,3/1/2022,Cheat everywhere,"A big game with famous company like PUBG still can't manage to stop cheating, it's really disappointing when you play and always meet a lot of cheaters in the game. Why such a simple thing still can't be fix in a long time? Please hire some professiona;s a lot more and upgrade the system so not easy to break by cheater! Don't just focus on money and money and money please!!",1
265,danielpradisca,3/1/2022,Dear tencent,Some of the common violation detected by system,1
266,bunsabun,3/1/2022,ipad 6 2018,Fix the force close please. It happens many time. Thank you,5
267,yaddih,2/1/2022,Good game,"Well played, enemy missing",5
268,El'vano,24/12/2021,Update,Why so long to update??,1
269,Miror Zero,23/12/2021,VERY NICE but..,Always bug and make me to soon always,1
270,sourdiugh,22/12/2021,Too many bugs,Fix it.. dont just keep selling clothes,1
271,Saqif Harzam,21/12/2021,Developers suck and dont care about the game,The developers dont care about the game all they want is money i mean like compare it to pubg new state do you know what the difference is? The difference is that one cares about the game the other one doesnt. Youre better off playing new state its got better graphics and the developers actually listen to reviews and critics,1
272,Urangsamarinda,21/12/2021,Please add using controller ps4,Please add a controller,5
273,LAVENDRE36,20/12/2021,Crash,There are multiple crashes reported in my device today and the settings layout is resetted into a different layout,1
274,Aura Ghalliyah,20/12/2021,alula,this work fine on my 12 pro max,5
275,dolphine.exe,19/12/2021,sad,M416 is too overpowered please fix it,1
276,debadebo,19/12/2021,I can't find jinx voice pack that i've unlock,"Quick question, in cycle memories i have unlock jinx voice pack, what do i do to use it? I've seen some one used jinx voice pack, how can i get it?",4
277,teguh culik,15/12/2021,Server bug,"Jump in livik area. I am landing in rooftop, and then lag/delay a moment. After game back to working, at the ground not in rooftop.",3
278,mamankkkk,15/12/2021,frame drop ,frame drop in iphone xr,1
279,Keplerians Fans,11/12/2021,PUBGM,I like this! because PUBG collab with Arcane Lol! (PUBG MOBILE X ARCANE LoL),5
280,Brizky,10/12/2021,Why  ,I use like 3000 uc to gacha open crates and can't get anything,1
281,jendralstore283,9/12/2021,Iphone xr fix fire + Crouch,Please fix touch issue problem combination button fire + button crouch on iphone xr,2
282,jangan main ini,8/12/2021,Too much bug and cheater,Game broken  ,2
283,zidan2403,5/12/2021,bug,"force close in xr and bug loading, crash game please fix it",1
284,budi_s27,4/12/2021,Cannot enter,Why i cannot enter the main lobby. Im stuck with continous update? Never ending update.. restart and update again and again,3
285,TheoAnggara,4/12/2021,Slow,"I have 30Mbps internet connection but i nevet loaded, resource's downloading very slow",1
286,KENZIEWWWWWWWWEWWWEE,3/12/2021,thank you,thank you pubg for 3 years and now i want to say good bye,5
287,Peoskwphsj,3/12/2021,Please add 90fps on iphone 12 pro max too,"Its be good when i playing pubg on 13 pro max the graphic can be smooth - 90fps, but add 90fps too on 12 pro max.",5
288,M250400,1/12/2021,Email link failed,"Please fix this issue, i can't link my pubgm account to my email. Thanks",3
289,hanagava,1/12/2021,Cheater,"Too much cheater in this game, too much. Me and 3 of my friens has left and uninstall this game. Good luck on you Tencent. Cheers",1
290,Your Bae666,30/11/2021,Frame drop,please have so many frame drop after playing 2 matches at iPad 6 gen,1
291,Ju1only,25/11/2021,Skin,Too much skin,1
292,otonqpurwo,24/11/2021,cheater everywhere,too much cheaters,3
293,BVIPkagome,24/12/2021,My uc is missing,"I don't know why my uc disappeared overnight even though I didn't use it, even though I just filled it up two days ago and last night it was still safe and on the last day when i logged in the UC was gone 100, how did i get scared for top up, please explain and help I want it back!!",1
294,pangeran aji,24/11/2021,stuck download list,when open the app it stuck updating download list please fix it,2
295,ipadmini6,23/11/2021,ipad mini 6,not fullscreen on ipad mini 6,2
296,Bento ni bos,22/11/2021,Thanks tencent,Thanks tencent its still worked on my 4s,5
297,awselbii,20/11/2021,weapon missing when changing in arena deathmatch,"please fix this bug, my weapon keep going missing when changing loadout on arena deathmatch. It keeps going and even wont let me pickup other's weapon",3
298,bayu,20/11/2021,disable auto download (wifi/celluler),"please disable automatic in-game downloads (wifi/celluler data) because my memory is small, everytime i log in i always download, that's not what makes game experience better, because it's getting lag and my iphone has been stuck with the Apple logo because of this. I hope you hear this Tencent",2
299,1236,19/11/2021,Outfit,"why are season 1 - season 3 clothes for sale? it should be a special suit for old players. PUBG is now broken, let's retire from this game",1
300,akagaminoshirayukidesu,19/11/2021,Frame,Can you guys fix the frame rate? i'm playing on Iphone 7. i was set my graphic to smooth ultra and then when i went to fight my screen turning to black and i can't move for 10 seconds,3
301,jessievvan,18/11/2021,auto download,"after new update, the auto download can not be turned off. i must stop the download manually",2
302,Spcxryzza,18/11/2021,Iphone 7 frame,"too much bug and frame, you must play in front of fan so that the phone is not hot, but this iphone was lagging and frame",1
303,Ebidahq,18/11/2021,So laggy,"So lag and low frame rate, im using setting on smooth extreme, device iphone xs",3
304,araisyaw,17/11/2021,best,i love it,5
305,dloiuytfhgf,17/11/2021,IOS 14.5.1 IPHONE 13PRO,"Hello, why the new update its nothing happen? my iphone 13pro dont have 90fps",5
306,pakdeJOKOWI,16/11/2021,Automatic download,How to stop download automatic game after update,4
307,Rif-12,16/11/2021,After update,"To the dearest mr developer, please consider that there are many cheaters after the latest update",1
308,PHOENIX PUBG,16/11/2021,SUBSCRIBE MY CHANNEL PHOENIX PUBG,SUBSCRIBE MY CHANNEL PHOENIX PUBG,5
309,call me vellyn,16/11/2021,What  ,Hi! It's work on iPhone 7+ but why if i die the game crashed? i'm sorry i'm bad english,5
310,Edbert89,16/11/2021,Size becoming a problem,"The game is fun but it the app size is getting bigger and bigger and my device may no longer support it, please find some way to optimize it, such as having the option to",3
311,kau,16/11/2021,Good,This is very good game! But lucky is bad,5
312,wildev22,16/11/2021,Down grade,cannot buy premium crate coupon scrap with silver anymore,1
313,tukiwinz,15/11/2021,Nice,okay,5
314,NurRasyad,13/11/2021,Great,Good game,5
315,12hsdg,12/11/2021,Buggy,This game still need some works,3
316,B4q,8/11/2021,Bug,This song annoys me while playing,3
317,aisamini,7/11/2021,error,"on my xs phone it says updating but its never ending, i've installed it but the problem still exist",1
318,Zmech_TheKing,7/11/2021,PLEASE UP MY CHANCE AT GETTING A BUNDLE IN CRATE PLEASE,"Tencent/Krafton please make my account luckier, i been getting a lot of trash things in crates so plese make me luckier at getting the bundle/skin that i want Thank You.",5
319,TrisnaDHK,7/11/2021,Big request for developer,Please unlock 60fps for iphone 7+,4
320,AldoDam,6/11/2021,Account ban,Banning someone for no reason,1
321,uang halal,5/11/2021,Bad,Please reduce the quality,3
322,yuzu wife,5/11/2021,fuck you,i hate this game so much,1
323,Mamiyake,5/11/2021,nice game,nice game,5
324,hauhahahahajqjqjqj,4/11/2021,Bug damage,Low sensitivity gyroscope around 200-250 feels like no damage,1
325,frnmgo,3/11/2021,please add feature unlink and email link,please add feature that can unlink email link im so dissapointed because that,2
326,Kriewol,3/11/2021,Bug,Bug voice on ios/ipados 15 up,3
327,uur player since season 2,3/11/2021,FIX THOSE FUCKIN BUGS,"WHY THE FUCK YOU NEVER CARE ABOUT THE BUGS ON YOUR GAME, ME AND MY FRIEND GOT TOO SOON BECAUSE OF THAT FUCKIN BUGS",1
328,Willy Arvino,3/11/2021,Bug mic,"Hey tencent, please fix your bug mic, almost 3 years i played pubgm and this problem never solved and always have a same problem, bug mic and relog game. please i hope you guys fix this bug ASAP. This bug so damn annoying!",5
329,im fuit,28/10/2021,To Krafton who's developer at this game,"Why i always find bug when i play the game. as if i use scope 6x i can't zoom out like scope x3. And if restart the game when it's happen and you know what bro?? I can't see my team like i playing by yourself and i can't shoot enemy. Damn it!! How many times must i reported to team service but there's no response. It makes me feel worst play this game. And it's not just happen only to me. Though ever since the pubg was on tencent our reports the players got in on it. Not like now who only want money, but not customers satisfaction. If this happened over and over again, maybe people would think twice about playing this game or not playing it at all. May my review be read and understood by all of you.",1
330,Kumalai,26/10/2021,Bug,"Too much bug, too much loading even my signal was stable",1
331,rimuru tempesttt,26/10/2021,frame drop and lag and bug,fixed crash in 6s+ ios 14.7.1 please,1
332,Featuringo,26/10/2021,Can't run in ipad after newest update,Keep saying restart to see new content,1
333,cocaliquid,25/11/2021,Please bring always zombie dawn forever,"sir im playing pubg mobile since season 3 and i love your game till right now, still playin' i mean. (Please ""always bring the zombie mode always available because i love this mode"" Thanl you..",5
334,Naugi45,24/10/2021,Boring game,I done for this game...,1
335,brbrbrding,20/10/2021,Heating and frame rate drop issue,"Hey developer, please fix your game, in 15 minutes classic mode my device (w/bionic A12) heating easily and frame rate is drop (something freeze). So disappointing, horrible experience",1
336,pubg aswww,17/10/2021,pubg network,my pubg always error network when there rain,5
337,Tessa amelia,16/10/2021,Can't download ,Not working on iPhone 6,2
338,aeolian17,16/10/2021,How to get a full screen sizez to iPad mini 6,"It's good if use on my iPhone, but if i playing with my iPad, the screen not full, how to fix it",3
339,acut,16/10/2021,Bad game,game many hackers,1
340,margarethameiggyta,16/10/2021,Nice,Nice,5
341,Handrik Yes,14/10/2021,Log in no response,Log in PUBGM iOS iPhone 12 pro max twitter no response,1
342,Bogi666,14/10/2021,Too many bug ,Stupid game! Too many bug every update,1
343,leander jethro,14/10/2021,My account was stolen,i got ban for 10 year because i reach to conqueror and i have spend around 1200 dolar this is the id 5157661685,1
344,PhantomScarlete,8/10/2021,Cannot use microphone in game with airpods,My phone is in ios 15.1 used airpods gen 2 and weird headset there both can't use microphones. Then i tried to play other games with microphone and they worked so normal. If it bugs or problem from pubgm please fix it!!! i wanna push my rank bro!!,4
345,muh ririin suyanto,7/10/2021,GLACIER,"Halo tencent, can you give me glacieer max?",5
346,jchdhkehxjv,5/10/2021,Can't change profile description,So i have an issue where i cannot change my description before the update i do not have this kind of issue please fix it immediately,3
347,SweetesMan,2/10/2021,Broken game,Broken game,1
348,no weapon its a run simulator,1/10/2021,Need weapon,Please add weapon bad game,1
349,28181,30/9/2021,Unbanned my account,"Pubg broke my account has banned, i'm not ise program ilegal anything",5
350,merdinesta,27/9/2021,Please fix,Please fixed i am always trapped and stuck at miramar maps especially at apartment building. please im always stuck at the building please fixed properly and immediately,5
351,Mochammad Fathan,27/9/2021,UC GLITCHED,"I was playing lucky spin for once (10UC for first roll) but WHY it costs me 130UC instead and got only 1 prize?! Are you really trying to make profit this way? You're on a tip of an iceberg, watch out. RETURN MY MONEY",1
352,iwxcensor,26/10/2021,Too heavy,This game is too heavy to play. Old device isn't frienly for thia game. Play this game with an ipad 6 i got freeze in game. What a shame,1
353,gamegamean,25/9/2021,BAD,BUG BUG and BUG,1
354,Hypstermaid,24/9/2021,uninstall,"after update, this game feels like trash, always loading in lobby, i'll give 1 star for this update",1
355,baguskus,23/9/2021,Crash,"This game is crash often recently.. and the system often told that i idle for too long, and put me back to the lobby",3
356,I0 n,23/9/2021,Lost mode,Where is survive till dawn?,2
357,Babi tencent,23/9/2021,Bug,Fix force close to ip 6s,1
358,Tyrants Lesmana,23/9/2021,Request,"Is it possible at you allow the use of symbols for names again? Otherwise, good game",4
359,Yaora Putra,22/9/2021,WEAPON  ,Please MK14 modification,5
360,ECxCobraBaeEPC,22/9/2021,Help me,"I'm having issue with the server, I'm switching Middle East servers and I'm really clueless with this new rule. I ask Tencent to help bring my game server back to Asia, because the experience of playing on the middle east server is very bad",1
361,Dewkan,21/9/2021,Stuck on login page,The app stuck on the login page,1
362,dewa made rony adanyana,20/9/2021,WHAT ARE YOU DOING GUYS?,"WHEN PUBG WITH KRAFTON COMPANY, THIS GAME IS HIGH BUGGING (TRASH), YOU SHOULD FIX THIS APP BRO, DON'T CHILLIN' at YOUR OFFICE, WORK WORK WORK",1
363,ayen.crow,19/9/2021,Download slow,5days not clear for updates,5
364,adityakevin.96,18/9/2021,I HATE THIS GAME,"SO MANY FUCKIN GLITCH, FIX IT!",1
365,MumuyMartutus,18/9/2021,Long time to update,"It takes long time to update the game, my internet connection is ok",3
366,1.01737E+11,18/9/2021,DOWNLOAD FOR IOS LATE,DOWNLOAD OR UPDATE IN IPHONE SO LATE,1
367,FirmanWilliam,18/9/2021,Hardcore Mode,"Please, Hardcore Mode, like PUBG PC",5
368,Soel34,17/9/2021,Vikendi,Where vikendi????,3
369,player030781,17/9/2021,very cool game huh,I pretty like it,5
370,mini5pro,17/9/2021,Bug,iPad mini 5 sound game missing,2
371,Haiiishka,17/9/2021,storage,take up too much storage in my phone,2
372,windshehsdhdhb,17/9/2021,Great game,Its a great game especially the recent update that adds Nacore coins although my when its updating i do not encounter any problems my friend take en entire day to update please tell me why,5
373,9HccU,17/9/2021,METRO ROYALE,Thanks for adding back metro,5
374,badgerljik,16/9/2021,Brnom,Why took so long just for updating? Just stuck,1
375,hannarch,16/9/2021,can't update,"i can't update on my device, i don't know why. I already use the wifi and also try to update with my cellular data, but it didn't work",1
376,rules besttttt,16/9/2021,Metrooo,Metro royale is back!!,5
377,mr.stars,16/9/2021,Crash,Can't update,1
378,tadunk,16/9/2021,PUBG MOBILE,nice game,5
379,Magdalollyna,16/9/2021,You say payload coming back at update 1.6,"When payload coming back! You say it coming at update 1.6, Sooo NOTHING.. ALREADY UNINSTALL THIS GAME",1
380,Flamehelix,16/9/2021,Download so slow on recent updates,"Why are the updates so slow on app store ffs? Even if i am leaving it for 1 day, the update are never done download",5
381,SENSEN WARGANA,16/9/2021,Bug voice mic teammates,"Too much bug, you know! Always bug everytime everyday every single match. Fix it! Always BIG UPDATE AND NEVER SETTLE THIS BUG. LOL",1
382,MY_A,16/9/2021,Custom,Please add some military custom PLEASE!,4
383,cfh__,16/9/2021,MILITARY SKIN CRATE,add military skin crate please!,4
384,kerrors,15/9/2021,Error,Keep telling me that i need update in game feature.. its the 10th times,1
385,divaratnasita,15/9/2021,Best,Best game ever thanks for accompany me when im sick because of covid 19 love pubgm,5
386,tiktok wibu,15/9/2021,FIX THE BUG! WHAT THE..,I PLAY AND GET DISCONNECTED? WHAT DO YOU MEAN?,5
387,mesetiol,15/9/2021,Slowly,"Every single time when i try to update this app, always need much time to start download, i dont know my internet its okay, my storage is okay not full i dont know",3
388,jembot asu,15/9/2021,Bug in IPHONE XR,Force close again,1
389,Nanda Gaming,15/9/2021,We need M416 upgradeable skin,Please bring M416 upgradeable skin Thank you!5,
390,chiwa9876,15/9/2021,Vikendi,Please bring back Vikendi in classic,5
391,gudeatama,15/9/2021,can't update,"i clicked update but its not updating, only waiting and not even the update loading. please help!!",4
392,sdesisisi,15/9/2021,YEAY,"Finally, many mode and its now more fun, I use to be bored and rarely played it but now, because everything's here especially metro royale, this is way more fun, just i'm afraid that there is still hackers and too much glitch but Now, I LIKE IT thanks",5
393,Niko,15/9/2021,Downloading ,It is nearly impossible to update the game in my iphoen on wifi. Whenever this is an update i have to delete my game and reinstall it. Which is also taking the one whole day,1
394,farbrutal,15/9/2021,Crash,Lol,1
395,Johnson Fransiscus,15/9/2021,Gabe,Please fix the update is very slow and i jve trued delete every aplication,1
396,Ilham Diemust,15/9/2021,Smooth,That very beautiful on XR,5
397,game kimak,15/9/2021,sad,Bug,1
398,ihuygvyv,14/9/2021,Best game ever,"It's more than a game, unknown people meet everyday and become family",5
399,aangdhona,14/9/2021,Boring map,Please bring back Vikendi,2
400,rricko,14/9/2021,Update,Update low,1
401,NESKATSFE,14/9/2021,UPDATE LOW PROGRESS,"UPDATE LOW PROGRESS, FREAK!",3
402,blackhunter87,14/9/2021,Error,The gyroscope is doesn't working,2
403,1234000000,14/9/2021,System server bad,"System server bad (frame, lag)",5
404,Zubin Cortez,14/9/2021,Love the new update!,I really love this new update! It runs much much much smoother and feels cleaner. I olove the change of the effects too. The game feels different now and i'm still using the same old graphic setting which is smooth extreme on iPad mini 5 in asia server. But it really feels like playing on pc. It's just amazing. Thanks PUBG!,5
405,ps,14/9/2021,Crouch issue,"I can't seem to crouch and shoot at the same time, i have to wait a few second",2
406,wildansyarif,14/9/2021,Hardcore mode,Please hardcore mode,5
407,sniustad,14/9/2021,Please add vikendi,please,4
408,PREMANGARCADE,14/9/2021,good tencent you give me trash item,good you give me trash item,5
409,cheat dimana dimana,14/9/2021,Trash game,I don't like this game,1
410,Devaa,13/9/2021,Please fix bug,"Iphone xs max bug one shoot, bug crosshair",2
411,vincent tanu jaya,10/9/2021,Ace master please,Ace master please,5
412,Dr.Sagne,8/9/2021,Bug multi touch,"Please fix it, multi touch issue on device iphone xs max",1
413,fizul hasan,6/9/2021,iPhone 6s lag,I think it should be optimized for lower iPhone as a low device they give us lower fps instead there are a lot of lag frame drops also there is some gyro delays hope so tencent will fix this in 1.6 update,1
414,dvvid,4/9/2021,AUTHENTICATION FAILED,Please fix the error! My ID can't login and the reason authenticating failed. please fix it ASAP,1
415,jojoferrel,1/9/2021,crash,"im geting crash sometimes, i mean my phone is restart by itself or crash. can you tell me to fix it? please",1
416,Mayxel Gabrielo,31/8/2021,stuck,why stuck download on iphone 7,3
417,wow1111112222,31/8/2021,Nice,nice game,5
418,xv2Dx,29/8/2021,Dissapointed feeling after 1 year playing,too much cheater and cheating people using bug,1
419,marcherline sik,29/8/2021,PUBG MOBILE,i play from season 3 and never get a skin from spinning with uc so at least give me glacie please it worth a lot for the uc i spend for spinning and didn't get anything please,3
420,wamshero,27/8/2021,Bug login,"I logged in as usual using my facebook, when i played pubg, my phone was ringing, after i finishing my phone and continued the game, my game bach to first time and i need to create new avatar, please bring back my previous account",4
421,cchiccovc,27/8/2021,Smooth,Enjoy,5
422,CGeveeeeee,26/8/2021,Bug,"Always error, many bug not fixed yet",3
423,vierost88,25/8/2021,Cheater ,"So many cheater, please fix",2
424,MRDSniper,25/8/2021,Good game but needs improvement for fair gameplay,"Since the 1.5 update, i've really enjoyed fair fire rate with different fps, and the spam crouch, and the ipad view, that was really good. However i would like to see ipads beeing allowed in official tournaments again and also i've realised that the movement of after 1.5 update gor slower, and i think i love the old movement speed better. Also a lot of people were also sad about the quick prone technique, i hope that you will bring that back. I've also noticed that when you scope with crouch or spam crouch, it glithces the screen and tends to ruin our aim, hopefully you guys can fix this. Overall in my opinion, 1.5 update is already awesome, but i'm hoping that the 1.6 update will fix this and hopefully bring back same old good features back, and have vikendi back. Thanks PUBGM",4
425,kasih 60fps,24/8/2021,Please iPhone 6 60fps,Please iPhone 6 60fps,1
426,ERFpeace,22/8/2021,BUGS,"Overall the game is incredibly smooth, but there are some major bugs that really annoys me such as the mic not working upon joining a lobby of friends, or once the match",3
427,tan9378,21/8/2021,Good game,Good game,5
428,siragil,21/8/2021,Bad server,"can't log in, server not response",1
429,imfenyr,21/8/2021,More memories,"Best game, meet more friend in here",5
430,alexanderdany,20/8/2021,Can't download ,Can't download in iphone 7,1
431,Reyvino,20/8/2021,This game is so crash,This game is so crash,5
432,yang kau sakiti,19/8/2021,Bug,"So many bug, lag or crash. this game is broken",1
433,Arnold Vero,12/8/2022,I love it,Good but please support HD for Iphone 6 if you want more e success,5
434,Dhipra,14/8/2022,too many cheater,"why don't you ban cheater from the IP instead of the account? They can make tousand account! Please be smart, or you guys affraid if don't have cheater player?",1
435,Renaldif,14/8/2022,FACEBOOK LOGIN FAILURE,"UPDATE EDIT, ITS FIXED THANK YOU, before: I cannot login via facebook, it said, my account has logged in newer version, please update to the newest version, BUT IT ALREADY THE NEWEST VERSION.. IPAD USER HERE.. LIKE MY COMMENT SO PUBG WIL NOTICE",5
436,blxckpearl,15/8/2022,token game,too many cheater. Always prioritizing update skins. Bug every new updates. FIX YOUR FREAKING GAME TNCENT FFS.,1
437,mantapjaya,14/8/2022,login bugs,"Please fix this bug, i can't login that say i need newest pubg app for ios, please fix it asap, i have topup much money there but can't logged in",1
438,uju santui,14/8/2022,broken,"pubg i feel a bug, when shifting the scope like broken broken and jiggling, on the iphone xs max cellphone",1
439,ohhellooo,14/8/2022,Not newer version!,Can't login. It says i have the older version after i updated the app.,1
440,Adisas17,14/8/2022,login eror,already update to this new 0.18.0 but when try to login its say account has been login to the new version? I already installed the newest verion? are you kidding me?,1
441,putu pendit,13/8/2022,Offline mode,Please make in offline mode please...even we need pay its okay...because I'm Seaman.thanks,5
442,aldo_rmn,14/8/2022,Please !,"PUBG, I love this game so much, but still much hacker in playing match, but can you tighten security?? And can you try playin on the server INDIA (pushing rank) conqueror!! A lot of hacker everywhere with statistic so high. they are play cheat while those of us don't use cheat feel UNFAIR, we need a hacker destroyed",4
443,sh*t gamers,13/8/2022,Bad graphic and bad frame rate,Bad Graphic and bad frame rate on my ipad 6. I can't to choose frame rate extreme mode and graphic HDR. This is very disturbing to my gameplay. Please fix it !!! Thank you..,1
444,IMWQE,14/6/2022,Server Problem,"Please fix the Asia server, cause i can't play if the server response still broken. Please fix it.",5
445,Big black bick,15/8/2022,Connection error,"now and then PUBGM has some internet error, like frame drops, lag, etc. Usually PUBG doesn't do this but now it does, and its not just me who has experienced this type of problem. Other than that its fun game and I am inerested to see more of PUBGM's events and updates",4
446,Mincrft fan ..,15/8/2022,tencent,"hello developer i just want pubg mobile add new map taego and paramo, and new weapon K2 and new vehicle ''pony caupe''. please add it, i just want pubg just look ike in pubg pc",5
447,izhnu,15/8/2022,iphone 6,"so lagging on iphone 6 so sad, admin please fixed",4
448,rafly_zs,15/8/2022,Iphone 12 Series Bug,"the big update is awesome, but fix the bug that occured on iphone 12 series. The screen ratio turns to be smaller afer conducting an update. Thank you",2
449,Alazzhr,15/8/2022,Dissapointed,"I appreciate for the developers to build this game. Shut out to Tencent. But, till now, on Iphone especially IOS 14.4 there are so many bugs that makes inconvenience to play this game. Im so sorry to say that. Start from the audio bug, graphics, and so many cheater there. I hope for thr developer can fix immediately. Thanks.",1
450,yeezusfbf,15/8/2022,sound,sound of game and teammates disappear all the time,1
451,vissionn,15/8/2022,bugs and fixes,Why sound and mic bug always happened after we relogging inside the match? Broken game.,1
452,umarbobenk,15/8/2022,Complainment,can't change server until 60 days.. so bad updates,1
453,Kanggoman,15/8/2022,Lag,lagging connection. Poor game,1
454,Modennaa ,15/8/2022,Bug,Please fix the bug that anti aliasing could not be activated iphone 7 Plus,4
455,bantalbobo,15/8/2022,Anti aliasing can't active,"Bad service from pubgm, this season 17 update. Its took about one week and there is no solution. bad service and i think pubgm don't care about player who make this game populer. Very dissapointed. PUBG MOBILE DONT CARE ABOUT PLAYER!!!",1
456,sebastian pramana,15/8/2022,Antiliasing,Wy antiliasing not working tencent??,5
457,gloryjokian,15/8/2022,Bad performace,Frame drop issue on IOS 14.3 using iphone x,3
458,123rahmatu,15/8/2022,Dear developer,"I can't activate the anti-aliasing system in the graphics settings, this happened after i did a update, please fix it soon",3
459,minato0412,15/8/2022,i lost my account,"i lost my pubg account, when i want to play pubg after 4 months not playing my pubg account was dissapeared, i linked my pubg account with facebook, please moonton give back my account, i play pubg since season 4 and i already buy royal pass like 6 times",1
460,athlfrldndr,15/8/2022,Server Problem,i play pubg mobile from season 2 to season 16 and when change my server i need to wit for 60 days what a waste of time!,1
461,Tamkabox,15/8/2022,Help me,"tencent ,, please return my server to Asia",1
462,MichaelShi399,15/8/2022,PLEASE FIX THE CHEAT,please fix the cheat,5
463,y3re,15/8/2022,cheater too much,bad games cause cheater everywhere and tencent just silent,1
464,wizo060,15/8/2022,Make this game clear please,"Dear Tencent, you need to act more seriously about player who cheat all around this my lovely game, mostly all match i make meet cheat, i use full gear level 3 and full durability, and i knocked by 2 bullets with m416, its even don't make any sense. Please make sure you clear this game off cheating players, or your game die and no one play anymore",3
465,Cinx86,15/8/2022,Too much chater !!!,I meet cheater player in every single matchs i have played. Please fix it !!!!,1
466,raflipindoy,15/8/2022,Banned cheater,"For Tencent, we hope that the cheat is banned as soon as possible, thank you, from indonesia",5
467,Ericpramudya,15/8/2022,.,too many cheater and my ip7 is so potato,2
468,Hansen Nyohardi,15/8/22,Didn't break any rules and got banned,I didn't break any rules of pubg and i just play it normally why pubg is banned my account ?,1
469,mintz02,15/8/2022,.,after update on iphone 7 always crash while playing,1
470,arjir10,14/8/2022,Pubg,why i cant update it??,5
471,Mskeleton,14/8/2022,About update 2.0,Bro don't make it look like that just add guns the graphic is so much lower and th buildings are so weird please change them back like now and just add like a snow storm of new gun or d a new mode the graphic in 2.0 is so trash man please change it for the last time,5
472,Daffnaufal,14/8/2022,cannot open since 13.5 update,i cannot open the game after updating to ipad ios 13.5 on my ipad pro.,1
473,mrulol,14/8/2022,bug ios,rip ios bug login,1
474,dimasyogi,14/8/2022,bug login,game broken!!!!fck fck tencent,1
475,Amar Alkaff,14/8/2022,I cant login,please fix this bug login,1
476,Dhiki S,14/8/2022,notched phone type,there is bug in enemies a head on notched phone,1
477,qpjndhsha,14/8/2022,cant play,PLEASE FIX BUG LOGIN FACEBOOK I CANT PLAY 5day !!!!! SERIOUSLY TENCENT?!!!!!,1
478,Nawaw,14/8/2022,Unlink account,"Dear Tencent, many player include me cannot login with facebook or social media account. With reason not new version. Please fix the error!!!",1
479,damninsta_,14/8/2022,BUG,There's stil so many bug! please fix it. app keep crashing while open friendlist.,1
480,sohib23 motovlog,14/8/2022,Lost account after update,"My account was gone, I can't sign in into my old account, please fix it",1
481,SAVABurz,14/8/2022,Bug,New version bug in IOS cant login,5
482,minipubgm,14/8/2022,Laggy after update 0.18,"I'm use ipad mini 5, laggy after last update 0.18",2
483,PapaBozzz,14/8/2022,CANT LOGIN,"After update, IOS CANT LOGIN",1
484,bebyfarsya,14/8/2022,Fix the bug please,Can't login on ios.,2
485,Rerearmadian,14/8/2022,Gyro bug,"Please fix bug on scope on with gyro, its become choppy",1
486,SatriaBuana,14/8/2022,Fix it,Fix the bug. Cant login on ios,1
487,sisizkala,14/8/2022,Newer version BAD,"I've updated to the newer version but it still say mine is older version it's wont logging, please fix it.",1
488,Imam arief,14/8/2022,login bugs,In this new version facing with bug login. Keep getting error Account has been logged in with a newer version of the game and can no longer log in with an older version even there is no update both in app store and inside the game,3
489,kang geboy,21/8/2021,Bug ghost touch,why on my iPhone xr there are ghost touch,1
490,athallahyt,23/8/2021,No,"I'm tired, i don't want download this game again",1
491,tripataxninja,27/8/2021,Pubg,Good game,5
492,ishika tifanny,27/8/2021,GB,the size always much biger,2
493,Reginaariviana,30/8/2021,Can't play,"Always loading, can't enter the game",2
494,Cahyadi Andres,31/8/2021,Nice,Always good game,5
495,PAK SAKERA,1/9/2021,Please,How to unlink or remove the link email,5
496,IphoneXR,3/9/2021,Download more than 3 hours,"Download is slow, please fix it",2
497,Daffagaming,6/9/2021,Having fun,this game so good,5
498,joenne huang,14/9/2021,crash,"i want to log in after update, but its always force close",3
499,leekehensz,14/9/2021,iPhone xr,"excellent for the graphic, but its fast to get overheat",1
500,aderawan_1,15/9/2021,iOS can't update,can't update this game,2
